UID	Country	City	Place name	Official place	Place number	Free bikes	Total bikes	Place type	Comment	Setpoint bikes	Bike racks	Show in customer map	Battery voltage	Solar voltage	Location marking	Online	Time stamp	Creation date
"42417389"	"OVO Bikes Glasgow"	"Glasgow"	"Cathcart Railway Station"	"1"	"8206"	"6"	"10"	"E-bike station"	""	"12"	"4"	"1"	""	""	"smart_sign"	"0"	2023-11-26 10:33	
"320334589"	"OVO Bikes Glasgow"	"Glasgow"	"BIKE 46840"	"0"	""	"1"	"1"	"Individual bike"	""	"0"	"0"	"1"	""	""	""	"0"	2023-11-26 10:31	
"266170"	"OVO Bikes Glasgow"	"Glasgow"	"University of Strathclyde (South) - ELECTRIC"	"1"	"8433"	"2"	"3"	"E-bike station"	"54333,54516,54417,54448   18.08.23 18:08:42:  18.08.23 18:08:42: Rack Problem 08.10.23 20:10:32:  08.10.23 20:10:32: Vandalism 13.10.23 19:25:44:  13.10.23 19:25:44: Rack Problem 24.10.23 7:23:37:  24.10.23 7:23:37: Terminal Offline"	"12"	"6"	"1"	"13,88"	"0,00"	"smart_sign"	"1"	2023-11-26 10:30	
"264302"	"OVO Bikes Glasgow"	"Glasgow"	"Botanic Gardens - ELECTRIC"	"1"	"8417"	"3"	"8"	"E-bike station"	"54469,54403,54564,54538   24.11.23 6:32:10:  24.11.23 6:32:10: Rack Problem 24.11.23 6:32:18:  24.11.23 6:32:18: Terminal Offline"	"8"	"8"	"1"	"13,69"	"0,00"	"smart_sign"	"1"	2023-11-26 10:29	
"105742172"	"OVO Bikes Glasgow"	"Glasgow"	"Kelvin Hall Subway Station"	"1"	"8314"	"4"	"7"	"Standard place"	" 06.08.23 1:07:11:  06.08.23 1:07:11: Terminal Offline 05.09.23 0:02:10:  05.09.23 0:02:10: Terminal Offline"	"6"	"6"	"1"	""	""	"smart_sign"	"0"	2023-11-26 10:28	
"19548484"	"OVO Bikes Glasgow"	"Glasgow"	"Cambridge Street - ELECTRIC"	"1"	"8434"	"1"	"3"	"E-bike station"	"54462,54350,54452,54441,54423,54402,54465,54468  "	"12"	"8"	"1"	"13,63"	"0,00"	"smart_sign"	"1"	2023-11-26 10:28	
"264295"	"OVO Bikes Glasgow"	"Glasgow"	"St Enoch Square - ELECTRIC"	"1"	"8410"	"4"	"7"	"E-bike station"	"54474,54532,54490,54485  "	"12"	"10"	"1"	"13,71"	"0,00"	"smart_sign"	"1"	2023-11-26 10:27	
"264306"	"OVO Bikes Glasgow"	"Glasgow"	"University of Glasgow (West)"	"1"	"8422"	"6"	"9"	"Standard place"	"0 14.08.23 2:33:44:  14.08.23 2:33:44: Rack Problem 17.08.23 8:58:27:  17.08.23 8:58:27: Rack Problem 06.10.23 18:04:21:  06.10.23 18:04:21: Rack Problem 06.10.23 18:13:20:  06.10.23 18:13:20: Terminal Offline 14.10.23 21:20:10:  14.10.23 21:20:10: Terminal Offline 16.10.23 18:31:10:  16.10.23 18:31:10: Terminal Offline 14.11.23 23:44:06:  14.11.23 23:44:06: Vandalism"	"12"	"10"	"1"	""	""	"smart_sign"	"0"	2023-11-26 10:25	
"751103"	"OVO Bikes Glasgow"	"Glasgow"	"University Hospital, Queen Eliza"	"1"	"8450"	"13"	"13"	"Standard place"	""	"6"	"8"	"1"	""	""	"smart_sign"	"0"	2023-11-26 10:24	
"66595311"	"OVO Bikes Glasgow"	"Glasgow"	"Yorkhill Street South"	"1"	"8310"	"6"	"6"	"Standard place"	""	"8"	"8"	"1"	""	""	"smart_sign"	"0"	2023-11-26 10:24	
"266169"	"OVO Bikes Glasgow"	"Glasgow"	"Trongate"	"1"	"8431"	"5"	"6"	"Standard place"	" 24.08.23 16:49:09:  24.08.23 16:49:09: Air Pump Damaged"	"5"	"5"	"1"	""	""	"smart_sign"	"0"	2023-11-26 10:21	
"320329383"	"OVO Bikes Glasgow"	"Glasgow"	"BIKE 46755"	"0"	""	"1"	"1"	"Individual bike"	""	"0"	"0"	"1"	""	""	""	"0"	2023-11-26 10:19	
"3812770"	"OVO Bikes Glasgow"	"Glasgow"	"Dalmarnock Railway Station - ELECTRIC"	"1"	"8456"	"10"	"10"	"E-bike station"	"54563,54553,54583,54549"	"8"	"8"	"1"	"13,65"	"0,00"	"smart_sign"	"1"	2023-11-26 10:19	
"55600478"	"OVO Bikes Glasgow"	"Glasgow"	"Clifton St / Kelvingrove Park East"	"1"	"8205"	"6"	"6"	"E-bike station"	"09.11.23 20:36:36:   09.11.23 20:36:36: Terminal Offline  10.11.23 12:50:27:   10.11.23 12:50:27: Terminal Offline"	"6"	"4"	"1"	""	""	"smart_sign"	"0"	2023-11-26 10:19	
"45172531"	"OVO Bikes Glasgow"	"Glasgow"	"Queen Street Railway "	"1"	"8740"	"6"	"8"	"Standard place"	""	"8"	"10"	"1"	""	""	"smart_sign"	"0"	2023-11-26 10:16	
"320327989"	"OVO Bikes Glasgow"	"Glasgow"	"BIKE 84961"	"0"	""	"1"	"1"	"Individual bike"	""	"0"	"0"	"1"	""	""	""	"0"	2023-11-26 10:16	
"264298"	"OVO Bikes Glasgow"	"Glasgow"	"Glasgow Green"	"1"	"8412"	"16"	"16"	"Standard place"	" 30.07.23 17:20:37:  30.07.23 17:20:37: Rack Problem 28.08.23 13:04:12:  28.08.23 13:04:12: Rack Problem"	"12"	"8"	"1"	""	""	"smart_sign"	"0"	2023-11-26 10:16	
"380893"	"OVO Bikes Glasgow"	"Glasgow"	"Buchanan Street Bus Station - ELECTRIC"	"1"	"8404"	"0"	"2"	"E-bike station"	"54361,54436,54461,54467 31.05.23 2:39:36:  31.05.23 2:39:36: Rack Problem 30.06.23 18:59:47:  30.06.23 18:59:47: Terminal Offline 30.06.23 18:59:55:  30.06.23 18:59:55: Terminal Offline 11.08.23 18:17:33:  11.08.23 18:17:33: Rack Problem"	"8"	"10"	"1"	"13,89"	"0,00"	"smart_sign"	"0"	2023-11-26 10:08	
"28521474"	"OVO Bikes Glasgow"	"Glasgow"	"Carrick Quay"	"1"	"8231"	"10"	"11"	"Standard place"	" 12.09.23 22:33:10:  12.09.23 22:33:10: Terminal Offline"	"6"	"8"	"1"	""	""	"smart_sign"	"0"	2023-11-26 10:03	
"31234332"	"OVO Bikes Glasgow"	"Glasgow"	"Hyndland Road "	"1"	"8232"	"4"	"5"	"Standard place"	" 23.11.23 13:35:18:  23.11.23 13:35:18: Terminal Offline"	"8"	"8"	"1"	""	""	"smart_sign"	"0"	2023-11-26 10:03	
"19164571"	"OVO Bikes Glasgow"	"Glasgow"	"Central Station - ELECTRIC"	"1"	"8401"	"4"	"7"	"E-bike station"	"54454,54449,54425,54470 13.07.23 3:16:13:  13.07.23 3:16:13: Vandalism"	"10"	"10"	"1"	"12,44"	"0,00"	"smart_sign"	"1"	2023-11-26 10:01	
"6269618"	"OVO Bikes Glasgow"	"Glasgow"	"Sauchiehall Street"	"1"	"8463"	"1"	"1"	"Standard place"	" 16.07.23 2:51:00:  16.07.23 2:51:00: Rack Problem"	"8"	"7"	"1"	""	""	"smart_sign"	"0"	2023-11-26 09:59	
"264316"	"OVO Bikes Glasgow"	"Glasgow"	"Bridge Street Subway - ELECTRIC"	"1"	"8432"	"4"	"5"	"E-bike station"	"54451,54511,54479,54482 30.08.23 1:12:22:  30.08.23 1:12:22: Terminal Offline 15.10.23 4:26:12:  15.10.23 4:26:12: Rack Problem"	"8"	"5"	"1"	"13,86"	"0,00"	"smart_sign"	"1"	2023-11-26 09:56	
"3812886"	"OVO Bikes Glasgow"	"Glasgow"	"Glasgow Green - Saltmarket / Clyde Place - ELECTRIC"	"1"	"8460"	"7"	"8"	"E-bike station"	"54542,54523,54526,54540,54510,54493,54603,54503   23.11.23 19:26:15:  23.11.23 19:26:15: Vandalism"	"8"	"8"	"1"	"13,69"	"0,00"	"smart_sign"	"1"	2023-11-26 09:52	
"349453"	"OVO Bikes Glasgow"	"Glasgow"	"City of Glasgow College (Riverside Campus) - ELECTRIC"	"1"	"8442"	"12"	"14"	"E-bike station"	"54582,54520,54502,54488    "	"6"	"6"	"1"	"13,83"	"0,00"	"smart_sign"	"1"	2023-11-26 09:51	
"28521383"	"OVO Bikes Glasgow"	"Glasgow"	"Broomielaw West "	"1"	"8217"	"8"	"10"	"Standard place"	"2023-06-29 09:45 - jr. doesnt recognize returns"	"6"	"8"	"1"	""	""	"smart_sign"	"0"	2023-11-26 09:51	
"264303"	"OVO Bikes Glasgow"	"Glasgow"	"Kelvinbridge Subway - ELECTRIC"	"1"	"8418"	"3"	"3"	"E-bike station"	"54373,54466,54480,54344   17.08.23 8:04:20:  17.08.23 8:04:20: Terminal Offline 06.09.23 13:55:35:  06.09.23 13:55:35: Terminal Offline 28.10.23 19:28:00:  28.10.23 19:28:00: Rack Problem"	"8"	"8"	"1"	"12,37"	"0,00"	"smart_sign"	"1"	2023-11-26 09:50	
"264292"	"OVO Bikes Glasgow"	"Glasgow"	"George Square - ELECTRIC"	"1"	"8406"	"2"	"7"	"E-bike station"	"54453,54438,54418,54434"	"8"	"10"	"1"	"13,79"	"0,00"	"smart_sign"	"1"	2023-11-26 09:49	
"6270126"	"OVO Bikes Glasgow"	"Glasgow"	"Firhill Road - ELECTRIC"	"1"	"8464"	"3"	"4"	"E-bike station"	"54548,54574,54557,54579 29.07.23 12:22:09:  29.07.23 12:22:09: Terminal Offline 01.08.23 16:03:56:  01.08.23 16:03:56: Rack Problem 04.08.23 12:47:38:  04.08.23 12:47:38: Terminal Offline 01.11.23 13:19:01:  01.11.23 13:19:01: Terminal Offline 05.11.23 20:28:25:  05.11.23 20:28:25: Rack Problem 09.11.23 18:29:47:  09.11.23 18:29:47: Terminal Offline 10.11.23 13:40:27:  10.11.23 13:40:27: Rack Problem"	"7"	"7"	"1"	"13,85"	"0,00"	"smart_sign"	"1"	2023-11-26 09:46	
"21603723"	"OVO Bikes Glasgow"	"Glasgow"	"Ibrox"	"1"	"8452"	"14"	"15"	"Standard place"	""	"16"	"8"	"1"	""	""	"smart_sign"	"0"	2023-11-26 09:45	
"320314856"	"OVO Bikes Glasgow"	"Glasgow"	"BIKE 47902"	"0"	""	"1"	"1"	"E-Single Bike Station"	""	"0"	"0"	"1"	""	""	""	"0"	2023-11-26 09:45	
"349461"	"OVO Bikes Glasgow"	"Glasgow"	"Queens Park West"	"1"	"8448"	"6"	"6"	"E-bike station"	"53661,54408,53633,54509    "	"12"	"8"	"1"	"13,67"	"0,00"	"smart_sign"	"0"	2023-11-26 09:36	
"349452"	"OVO Bikes Glasgow"	"Glasgow"	"Bridgeton"	"1"	"8441"	"11"	"12"	"Standard place"	" 17.05.23 13:02:25:  17.05.23 13:02:25: Rack Problem"	"8"	"8"	"1"	""	""	"smart_sign"	"0"	2023-11-26 09:35	
"3812438"	"OVO Bikes Glasgow"	"Glasgow"	"Kelvinhaugh Street / Argyle Street - ELECTRIC"	"1"	"8451"	"6"	"9"	"E-bike station"	"54407,54513,54428,54536 11.03.23 12:55:35:  11.03.23 12:55:35: Rack Problem 11.03.23 12:55:48:  11.03.23 12:55:48: Graffiti 14.05.23 21:11:05:  14.05.23 21:11:05: Rack Problem 27.05.23 6:11:23:  27.05.23 6:11:23: Rack Problem 27.06.23 1:51:04:  27.06.23 1:51:04: Rack Problem 14.08.23 1:53:42:  14.08.23 1:53:42: Terminal Offline 02.11.23 12:00:40:  02.11.23 12:00:40: Rack Problem"	"8"	"8"	"1"	"13,87"	"0,00"	"smart_sign"	"1"	2023-11-26 09:31	
"320309099"	"OVO Bikes Glasgow"	"Glasgow"	"BIKE 828215"	"0"	""	"1"	"1"	"Individual bike"	""	"0"	"0"	"1"	""	""	""	"0"	2023-11-26 09:25	
"266218"	"OVO Bikes Glasgow"	"Glasgow"	"Partick Interchange "	"1"	"8423"	"3"	"3"	"Standard place"	""	"10"	"6"	"1"	""	""	"smart_sign"	"0"	2023-11-26 09:21	
"6269590"	"OVO Bikes Glasgow"	"Glasgow"	"Springfield Quay 1"	"1"	"8461"	"5"	"5"	"Standard place"	""	"6"	"6"	"1"	""	""	"smart_sign"	"0"	2023-11-26 09:17	
"264293"	"OVO Bikes Glasgow"	"Glasgow"	"Merchant Square - ELECTRIC"	"1"	"8407"	"3"	"6"	"E-bike station"	"54487,54501,54530,54515   21.07.23 13:53:57:  21.07.23 13:53:57: Rack Problem 13.08.23 6:17:20:  13.08.23 6:17:20: Vandalism 13.08.23 6:18:43:  13.08.23 6:18:43: Vandalism 13.08.23 6:20:51:  13.08.23 6:20:51: Graffiti 13.08.23 6:21:31:  13.08.23 6:21:31: Graffiti 13.08.23 6:23:06:  13.08.23 6:23:06: Rack Problem"	"8"	"8"	"1"	"13,88"	"0,00"	"smart_sign"	"1"	2023-11-26 09:15	
"320304763"	"OVO Bikes Glasgow"	"Glasgow"	"8467"	"0"	""	"1"	"1"	"Individual bike"	""	"0"	"0"	"1"	""	""	""	"0"	2023-11-26 09:13	
"320304589"	"OVO Bikes Glasgow"	"Glasgow"	"BIKE 46882"	"0"	""	"1"	"1"	"Individual bike"	""	"0"	"0"	"1"	""	""	""	"0"	2023-11-26 09:12	
"264299"	"OVO Bikes Glasgow"	"Glasgow"	"Broomielaw - ELECTRIC"	"1"	"8413"	"0"	"3"	"E-bike station"	"54463,54455,54573,54558,54411,54494,54541,54534  "	"10"	"8"	"1"	"13,86"	"0,00"	"smart_sign"	"1"	2023-11-26 09:10	
"315912"	"OVO Bikes Glasgow"	"Glasgow"	"Finnieston Street"	"1"	"8438"	"0"	"0"	"E-bike station"	"54578,54385,54491,54581 05.08.23 11:38:22:  05.08.23 11:38:22: Vandalism 14.08.23 1:54:04:  14.08.23 1:54:04: Rack Problem"	"6"	"8"	"1"	"13,89"	"0,00"	"smart_sign"	"1"	2023-11-26 09:09	
"349454"	"OVO Bikes Glasgow"	"Glasgow"	"Paisley Road Toll - ELECTRIC "	"1"	"8443"	"12"	"12"	"E-bike station"	"54498,53714,54580,53716 21.08.23 18:08:49:  21.08.23 18:08:49: Vandalism 21.08.23 18:09:43:  21.08.23 18:09:43: Rack Problem 13.11.23 19:11:00:  13.11.23 19:11:00: Rack Problem"	"8"	"6"	"1"	"13,64"	"0,00"	"smart_sign"	"1"	2023-11-26 09:08	
"320300058"	"OVO Bikes Glasgow"	"Glasgow"	"BIKE 47935"	"0"	""	"1"	"1"	"Individual bike"	""	"0"	"0"	"1"	""	""	""	"0"	2023-11-26 09:00	
"320296133"	"OVO Bikes Glasgow"	"Glasgow"	"BIKE 46971"	"0"	""	"1"	"1"	"E-Single Bike Station"	""	"0"	"0"	"1"	""	""	""	"0"	2023-11-26 08:51	
"105742240"	"OVO Bikes Glasgow"	"Glasgow"	"St Andrews Drive - Dalziel Drive"	"1"	"8315"	"3"	"3"	"Standard place"	""	"6"	"6"	"1"	""	""	"smart_sign"	"0"	2023-11-26 08:44	
"320292597"	"OVO Bikes Glasgow"	"Glasgow"	"BIKE 46932"	"0"	""	"1"	"1"	"Individual bike"	""	"0"	"0"	"1"	""	""	""	"0"	2023-11-26 08:42	
"320291581"	"OVO Bikes Glasgow"	"Glasgow"	"BIKE 46652"	"0"	""	"1"	"1"	"Individual bike"	""	"0"	"0"	"1"	""	""	""	"0"	2023-11-26 08:40	
"42614033"	"OVO Bikes Glasgow"	"Glasgow"	"Gorbals Library"	"1"	"8215"	"15"	"16"	"Standard place"	""	"8"	"8"	"1"	""	""	"smart_sign"	"0"	2023-11-26 08:37	
"320289159"	"OVO Bikes Glasgow"	"Glasgow"	"BIKE 47948"	"0"	""	"1"	"1"	"E-Single Bike Station"	""	"0"	"0"	"1"	""	""	""	"0"	2023-11-26 08:34	
"264309"	"OVO Bikes Glasgow"	"Glasgow"	"University of Strathclyde (North)"	"1"	"8424"	"2"	"4"	"Standard place"	" 17.09.23 1:32:01:  17.09.23 1:32:01: Terminal Offline"	"3"	"3"	"1"	""	""	"smart_sign"	"0"	2023-11-26 08:30	
"320283888"	"OVO Bikes Glasgow"	"Glasgow"	"BIKE 46727"	"0"	""	"1"	"1"	"Individual bike"	""	"0"	"0"	"1"	""	""	""	"0"	2023-11-26 08:18	
"19548760"	"OVO Bikes Glasgow"	"Glasgow"	"Glasgow Forge (Gallowgate)"	"1"	"8436"	"4"	"4"	"E-bike station"	"54506,54594,53642,53662 04.11.23 10:59:32:  04.11.23 10:59:32: Rack Problem"	"12"	"8"	"1"	"13,71"	"0,00"	"smart_sign"	"1"	2023-11-26 08:17	
"320279561"	"OVO Bikes Glasgow"	"Glasgow"	"BIKE 46547"	"0"	""	"1"	"1"	"Individual bike"	""	"0"	"0"	"1"	""	""	""	"0"	2023-11-26 08:06	
"349456"	"OVO Bikes Glasgow"	"Glasgow"	"Govan Cross"	"1"	"8445"	"4"	"4"	"Standard place"	""	"6"	"5"	"1"	""	""	"smart_sign"	"0"	2023-11-26 07:56	
"264392"	"OVO Bikes Glasgow"	"Glasgow"	"Argyle Street Railway Station - ELECTRIC"	"1"	"8411"	"8"	"9"	"E-bike station"	"54577,54481,54444,54517 19.11.23 4:45:12:  19.11.23 4:45:12: Terminal Offline"	"11"	"7"	"1"	"13,67"	"0,00"	"smart_sign"	"1"	2023-11-26 07:46	
"28521334"	"OVO Bikes Glasgow"	"Glasgow"	"Glasgow Central West"	"1"	"8216"	"0"	"0"	"E-bike station"	"54627,83670,54522,53648  "	"8"	"8"	"1"	"12,65"	"0,00"	"smart_sign"	"1"	2023-11-26 07:42	
"349451"	"OVO Bikes Glasgow"	"Glasgow"	"Barrowlands - ELECTRIC"	"1"	"8440"	"6"	"6"	"E-bike station"	"54600,54569,54486,54508"	"6"	"4"	"1"	"12,22"	"0,00"	"smart_sign"	"0"	2023-11-26 07:36	
"31234411"	"OVO Bikes Glasgow"	"Glasgow"	"St Andrews Drive @ Maxwell Drive"	"1"	"8235"	"3"	"5"	"Standard place"	""	"12"	"8"	"1"	""	""	"smart_sign"	"0"	2023-11-26 07:34	
"320265586"	"OVO Bikes Glasgow"	"Glasgow"	"BIKE 46940"	"0"	""	"0"	"1"	"Individual bike"	""	"0"	"0"	"1"	""	""	""	"0"	2023-11-26 07:25	
"320262264"	"OVO Bikes Glasgow"	"Glasgow"	"BIKE 47880"	"0"	""	"1"	"1"	"E-Single Bike Station"	""	"0"	"0"	"1"	""	""	""	"0"	2023-11-26 07:16	
"264300"	"OVO Bikes Glasgow"	"Glasgow"	"Scottish Event Campus (formerly S.E.C.C)"	"1"	"8415"	"9"	"12"	"Standard place"	"    "	"12"	"8"	"1"	""	""	"smart_sign"	"0"	2023-11-26 07:01	
"41822435"	"OVO Bikes Glasgow"	"Glasgow"	"Glasgow Science Centre"	"1"	"8426"	"18"	"19"	"Standard place"	""	"8"	"10"	"1"	""	""	"smart_sign"	"0"	2023-11-26 06:54	
"3812694"	"OVO Bikes Glasgow"	"Glasgow"	"Langside Hall - ELECTRIC"	"1"	"8454"	"8"	"8"	"E-bike station"	"54524,54497,54439,54412  "	"8"	"4"	"1"	"13,99"	"0,00"	"smart_sign"	"0"	2023-11-26 06:44	
"349458"	"OVO Bikes Glasgow"	"Glasgow"	"Eglinton Toll - ELECTRIC"	"1"	"8446"	"0"	"3"	"E-bike station"	"54572,54556,54535,54504 22.08.23 19:08:38:  22.08.23 19:08:38: Terminal Offline 01.09.23 16:18:46:  01.09.23 16:18:46: Terminal Offline 31.10.23 8:02:00:  31.10.23 8:02:00: Rack Problem"	"4"	"6"	"1"	"13,57"	"0,00"	"smart_sign"	"1"	2023-11-26 06:42	
"42613965"	"OVO Bikes Glasgow"	"Glasgow"	"Anniesland Library"	"1"	"8214"	"16"	"16"	"E-bike station"	"53665,53619,53612,53638   21.10.23 20:44:01:  21.10.23 20:44:01: Vandalism"	"8"	"8"	"1"	"13,88"	"0,00"	"smart_sign"	"1"	2023-11-26 06:29	
"105741985"	"OVO Bikes Glasgow"	"Glasgow"	"Anderston Railway Station"	"1"	"8312"	"3"	"4"	"Standard place"	""	"6"	"6"	"1"	""	""	"smart_sign"	"0"	2023-11-26 06:27	
"31234355"	"OVO Bikes Glasgow"	"Glasgow"	"Broomhill"	"1"	"8233"	"8"	"9"	"E-bike station"	""	"11"	"4"	"1"	"12,14"	"0,00"	"smart_sign"	"1"	2023-11-26 06:16	
"6269629"	"OVO Bikes Glasgow"	"Glasgow"	"Battlefield - ELECTRIC"	"1"	"8466"	"7"	"8"	"Standard place"	"54416,54477,54500,54559  "	"10"	"10"	"1"	""	""	"smart_sign"	"0"	2023-11-26 06:16	
"320242489"	"OVO Bikes Glasgow"	"Glasgow"	"BIKE 828205"	"0"	""	"1"	"1"	"Individual bike"	""	"0"	"0"	"1"	""	""	""	"0"	2023-11-26 06:15	
"320237084"	"OVO Bikes Glasgow"	"Glasgow"	"BIKE 46545"	"0"	""	"1"	"1"	"Individual bike"	""	"0"	"0"	"1"	""	""	""	"0"	2023-11-26 06:01	
"320236439"	"OVO Bikes Glasgow"	"Glasgow"	"BIKE 46500"	"0"	""	"1"	"1"	"Individual bike"	""	"0"	"0"	"1"	""	""	""	"0"	2023-11-26 05:58	
"320236039"	"OVO Bikes Glasgow"	"Glasgow"	"BIKE 46600"	"0"	""	"1"	"1"	"Individual bike"	""	"0"	"0"	"1"	""	""	""	"0"	2023-11-26 05:56	
"320233287"	"OVO Bikes Glasgow"	"Glasgow"	"BIKE 46828"	"0"	""	"1"	"1"	"Individual bike"	""	"0"	"0"	"1"	""	""	""	"0"	2023-11-26 05:47	
"349455"	"OVO Bikes Glasgow"	"Glasgow"	"Cessnock Subway Station - ELECTRIC"	"1"	"8444"	"1"	"1"	"E-bike station"	"2023-10-21 08:24 Electric bikes do not work at these station - AJS    2023-09-09 09:46 People reported vandalism in this station, bikes are titled upwards and taken to be used - AJS    54496,54492,53098,54623    01.09.23 18:15:30:   01.09.23 18:15:30: Vandalism  09.09.23 9:37:42:   09.09.23 9:37:42: Vandalism"	"6"	"6"	"1"	"13,89"	"0,00"	"smart_sign"	"1"	2023-11-26 05:45	
"320232439"	"OVO Bikes Glasgow"	"Glasgow"	"BIKE 46520"	"0"	""	"0"	"1"	"Individual bike"	""	"0"	"0"	"1"	""	""	""	"0"	2023-11-26 05:45	
"320231554"	"OVO Bikes Glasgow"	"Glasgow"	"BIKE 825602"	"0"	""	"1"	"1"	"E-Single Bike Station"	""	"0"	"0"	"1"	""	""	""	"0"	2023-11-26 05:42	
"320230994"	"OVO Bikes Glasgow"	"Glasgow"	"BIKE 828089"	"0"	""	"1"	"1"	"Individual bike"	""	"0"	"0"	"1"	""	""	""	"0"	2023-11-26 05:40	
"7145152"	"OVO Bikes Glasgow"	"Glasgow"	"Shields Road"	"1"	"8403"	"11"	"11"	"E-bike station"	"54528,53605,53629,53616 10.06.23 16:11:01:  10.06.23 16:11:01: Rack Problem"	"12"	"8"	"1"	"13,47"	"0,00"	"smart_sign"	"1"	2023-11-26 04:52	
"349460"	"OVO Bikes Glasgow"	"Glasgow"	"Queens Park Railway Station - ELECTRIC"	"1"	"8447"	"5"	"7"	"E-bike station"	"54430,54533,54602,54592,54545,54609,54539 26.06.23 10:47:39:  26.06.23 10:47:39: Air Pump Damaged"	"8"	"8"	"1"	"12,42"	"0,00"	"smart_sign"	"1"	2023-11-26 04:44	
"19548440"	"OVO Bikes Glasgow"	"Glasgow"	"Possil Health Centre (Saracen Street) - ELECTRIC"	"1"	"8414"	"2"	"3"	"E-bike station"	"2023-10-31 11:50   Charges and Wires ripped out  Station in desperate need of repairs!  -mapf  54505,54431,54478,54446    31.10.23 8:41:44:   31.10.23 8:41:44: Vandalism"	"12"	"8"	"1"	"10,73"	"0,00"	"smart_sign"	"0"	2023-11-26 04:37	
"3812776"	"OVO Bikes Glasgow"	"Glasgow"	"Alexandra Park (south entrance) Alexandra Parade Railway Station"	"1"	"8457"	"1"	"1"	"Standard place"	" 17.07.23 5:06:03:  17.07.23 5:06:03: Terminal Offline 13.11.23 19:45:28:  13.11.23 19:45:28: Rack Problem"	"6"	"8"	"1"	""	""	"smart_sign"	"0"	2023-11-26 04:16	
"266171"	"OVO Bikes Glasgow"	"Glasgow"	"University of Glasgow (East) - ELECTRIC"	"1"	"8435"	"1"	"2"	"E-bike station"	"54443,54422,54507,54499,54433,54512,54483,54447 03.06.23 17:38:52:  03.06.23 17:38:52: Terminal Offline 25.07.23 16:06:36:  25.07.23 16:06:36: Rack Problem 11.08.23 13:09:00:  11.08.23 13:09:00: Rack Problem 19.10.23 1:33:23:  19.10.23 1:33:23: Rack Problem"	"5"	"5"	"1"	"13,87"	"0,00"	"smart_sign"	"1"	2023-11-26 04:05	
"105741829"	"OVO Bikes Glasgow"	"Glasgow"	"Scotstoun South"	"1"	"8311"	"18"	"19"	"Standard place"	""	"6"	"6"	"1"	""	""	"smart_sign"	"0"	2023-11-26 04:05	
"264304"	"OVO Bikes Glasgow"	"Glasgow"	"Kelvingrove Art Gallery - ELECTRIC"	"1"	"8420"	"4"	"4"	"E-bike station"	"54518,54476,54404,54543    2023-11-20 17:18 Station defect, there are kickstands missing from the station. -LMJ  12.08.23 8:38:18:   12.08.23 8:38:18: Rack Problem"	"8"	"6"	"1"	"13,88"	"0,00"	"smart_sign"	"1"	2023-11-26 03:40	
"6269626"	"OVO Bikes Glasgow"	"Glasgow"	"Woodside (North) - ELECTRIC"	"1"	"8465"	"2"	"2"	"E-bike station"	"54537,54519,54397,54514   04.08.23 12:47:23:  04.08.23 12:47:23: Terminal Offline 06.09.23 15:00:45:  06.09.23 15:00:45: Terminal Offline 11.10.23 13:05:34:  11.10.23 13:05:34: Terminal Offline"	"8"	"8"	"1"	"13,88"	"0,00"	"smart_sign"	"1"	2023-11-26 03:20	
"349450"	"OVO Bikes Glasgow"	"Glasgow"	"Bellgrove Railway Station (North) - ELECTRIC "	"1"	"8439"	"5"	"6"	"E-bike station"	"54550,54584,54435,54598 18.05.23 17:54:59:  18.05.23 17:54:59: Terminal Offline 21.05.23 14:41:25:  21.05.23 14:41:25: Rack Problem 03.07.23 9:18:08:  03.07.23 9:18:08: Rack Problem 14.09.23 11:35:19:  14.09.23 11:35:19: Rack Problem"	"6"	"6"	"1"	"13,58"	"0,00"	"smart_sign"	"1"	2023-11-26 03:19	
"28521431"	"OVO Bikes Glasgow"	"Glasgow"	"The Round Toll"	"1"	"8218"	"0"	"0"	"Standard place"	""	"5"	"8"	"1"	""	""	"smart_sign"	"0"	2023-11-26 02:56	
"320172649"	"OVO Bikes Glasgow"	"Glasgow"	"BIKE 46938"	"0"	""	"1"	"1"	"Individual bike"	""	"0"	"0"	"1"	""	""	""	"0"	2023-11-26 02:42	
"733236"	"OVO Bikes Glasgow"	"Glasgow"	"Gartnavel General Hospital"	"1"	"8449"	"4"	"4"	"Standard place"	""	"8"	"6"	"1"	""	""	"smart_sign"	"0"	2023-11-26 02:29	
"6269637"	"OVO Bikes Glasgow"	"Glasgow"	"Alexandra Parade (West) - ELECTRIC"	"1"	"8468"	"2"	"2"	"E-bike station"	"54554,54567,54587,53606       26.07.23 10:21:12:  26.07.23 10:21:12: Rack Problem"	"12"	"8"	"1"	"12,37"	"0,00"	"smart_sign"	"1"	2023-11-26 02:20	
"264308"	"OVO Bikes Glasgow"	"Glasgow"	"Mitchell Library"	"1"	"8425"	"0"	"0"	"Standard place"	" 05.10.23 23:25:25:  05.10.23 23:25:25: Vandalism"	"8"	"6"	"1"	""	""	"smart_sign"	"0"	2023-11-26 02:15	
"28521547"	"OVO Bikes Glasgow"	"Glasgow"	"King Street South"	"1"	"8230"	"11"	"12"	"Standard place"	""	"6"	"8"	"1"	""	""	"smart_sign"	"0"	2023-11-26 01:49	
"6269636"	"OVO Bikes Glasgow"	"Glasgow"	"Mount Florida Railway Station"	"1"	"8467"	"5"	"5"	"E-bike station"	"26.07.23 15:51:23:   26.07.23 15:51:23: Rack Problem"	"6"	"4"	"1"	""	""	"smart_sign"	"0"	2023-11-26 01:47	
"42553766"	"OVO Bikes Glasgow"	"Glasgow"	"Mount Vernon Railway Station"	"1"	"8211"	"14"	"14"	"E-bike station"	"54475,54527,53672,54610    54475,54527,53672,54610 14.06.23 8:21:43:  14.06.23 8:21:43: Rack Problem 21.07.23 16:56:38:  21.07.23 16:56:38: Rack Problem 10.08.23 2:20:33:  10.08.23 2:20:33: Rack Problem"	"6"	"0"	"1"	""	""	"smart_sign"	"0"	2023-11-26 01:41	
"264294"	"OVO Bikes Glasgow"	"Glasgow"	"St George's Cross - ELECTRIC"	"1"	"8408"	"0"	"1"	"E-bike station"	"54440,54413,54420,53065 15.08.23 16:57:23:  15.08.23 16:57:23: Rack Problem 16.08.23 18:20:29:  16.08.23 18:20:29: Rack Problem"	"10"	"10"	"1"	"13,84"	"0,00"	"smart_sign"	"1"	2023-11-26 01:16	
"42613734"	"OVO Bikes Glasgow"	"Glasgow"	"Riddrie South"	"1"	"8212"	"6"	"6"	"Standard place"	""	"12"	"8"	"1"	""	""	"smart_sign"	"0"	2023-11-26 00:56	
"55600284"	"OVO Bikes Glasgow"	"Glasgow"	"Whiteinch Library"	"1"	"8203"	"13"	"13"	"Standard place"	""	"6"	"6"	"1"	""	""	"smart_sign"	"0"	2023-11-26 00:55	
"28521513"	"OVO Bikes Glasgow"	"Glasgow"	"Bath Street"	"1"	"8219"	"0"	"2"	"Standard place"	" 01.10.23 20:51:30:  01.10.23 20:51:30: Terminal Offline 06.11.23 9:22:32:  06.11.23 9:22:32: Terminal Offline"	"8"	"8"	"1"	""	""	"smart_sign"	"0"	2023-11-26 00:53	
"3812792"	"OVO Bikes Glasgow"	"Glasgow"	"Duke Street Railway Station"	"1"	"8458"	"0"	"1"	"Standard place"	""	"8"	"8"	"1"	""	""	"smart_sign"	"0"	2023-11-26 00:42	
"264301"	"OVO Bikes Glasgow"	"Glasgow"	"Queen Margaret Drive / Maryhill Road"	"1"	"8419"	"2"	"2"	"Standard place"	" 12.06.23 9:20:55:  12.06.23 9:20:55: Graffiti 26.06.23 22:57:53:  26.06.23 22:57:53: Terminal Offline 01.07.23 12:01:00:  01.07.23 12:01:00: Terminal Offline 02.07.23 18:57:36:  02.07.23 18:57:36: Rack Problem 17.10.23 0:15:55:  17.10.23 0:15:55: Rack Problem"	"8"	"8"	"1"	""	""	"smart_sign"	"0"	2023-11-26 00:38	
"264296"	"OVO Bikes Glasgow"	"Glasgow"	"Glasgow Cathedral - ELECTRIC"	"1"	"8409"	"0"	"0"	"E-bike station"	"54601,53715,52212,54415 21.04.23 12:16:56:  21.04.23 12:16:56: Terminal Offline 24.04.23 21:24:05:  24.04.23 21:24:05: Rack Problem 02.08.23 18:03:42:  02.08.23 18:03:42: Terminal Offline"	"10"	"6"	"1"	"13,88"	"0,00"	"smart_sign"	"1"	2023-11-26 00:13	
"213996668"	"OVO Bikes Glasgow"	"Glasgow"	"Knightswood Park"	"1"	"8473"	"4"	"4"	"Standard place"	""	"6"	"10"	"1"	""	""	"smart_sign"	"0"	2023-11-25 23:51	
"320107423"	"OVO Bikes Glasgow"	"Glasgow"	"BIKE 829240"	"0"	""	"1"	"1"	"Individual bike"	""	"0"	"0"	"1"	""	""	""	"0"	2023-11-25 23:29	
"150125330"	"OVO Bikes Glasgow"	"Glasgow"	"Anderston West"	"1"	"8472"	"3"	"5"	"Standard place"	""	"6"	"0"	"1"	""	""	"smart_sign"	"0"	2023-11-25 23:26	
"74891607"	"OVO Bikes Glasgow"	"Glasgow"	"Incoming SB - Quick Repair "	"1"	"84602"	"29"	"65"	"Standard place"	""	"0"	"0"	"0"	""	""	"unknown"	"0"	2023-11-25 23:07	
"4634831"	"OVO Bikes Glasgow"	"Glasgow"	"Workshop - incoming (to process)"	"1"	"84620"	"2"	"49"	"Standard place"	""	"0"	"0"	"0"	""	""	"smart_sign"	"0"	2023-11-25 23:05	
"27248039"	"OVO Bikes Glasgow"	"Glasgow"	"Workshop - ebike charging"	"1"	"84601"	"9"	"12"	"nextbike workshop (e-bike charging)"	""	"2"	"4"	"0"	"12,36"	"0,00"	"smart_sign"	"1"	2023-11-25 23:03	
"213997157"	"OVO Bikes Glasgow"	"Glasgow"	"Broomhill Cross"	"1"	"8480"	"2"	"2"	"Standard place"	" 13.09.23 12:25:39:  13.09.23 12:25:39: Rack Problem"	"6"	"10"	"1"	""	""	"smart_sign"	"0"	2023-11-25 22:28	
"3812605"	"OVO Bikes Glasgow"	"Glasgow"	"Shawlands Shopping Centre (Kilmarnock Road)"	"1"	"8453"	"1"	"1"	"Standard place"	" 23.05.23 22:43:40:  23.05.23 22:43:40: Rack Problem 11.06.23 5:24:27:  11.06.23 5:24:27: Air Pump Damaged"	"8"	"8"	"1"	""	""	"smart_sign"	"0"	2023-11-25 22:26	
"55600387"	"OVO Bikes Glasgow"	"Glasgow"	"Springfield Rd"	"1"	"8204"	"5"	"5"	"Standard place"	""	"6"	"6"	"1"	""	""	"smart_sign"	"0"	2023-11-25 22:08	
"3456076"	"OVO Bikes Glasgow"	"Glasgow"	"Charing Cross Railway Station"	"1"	"8421"	"0"	"0"	"Standard place"	"2021-11-26 15:32 someone phoned to report that 2 people with a white Van under the registration ST64 BZG eventually tried to steal and put the bikes in the van JLa     28.06.23 10:38:40:  28.06.23 10:38:40: Terminal Offline 25.08.23 22:03:53:  25.08.23 22:03:53: Terminal Offline"	"8"	"8"	"1"	""	""	"smart_sign"	"0"	2023-11-25 21:42	
"55600054"	"OVO Bikes Glasgow"	"Glasgow"	"Bellahouston Park"	"1"	"8201"	"7"	"7"	"Standard place"	" 28.08.23 9:15:39:  28.08.23 9:15:39: Vandalism"	"6"	"6"	"1"	""	""	"smart_sign"	"0"	2023-11-25 21:30	
"262744061"	"OVO Bikes Glasgow"	"Glasgow"	"People's Palace"	"1"	"8485"	"7"	"8"	"Standard place"	""	"6"	"10"	"1"	""	""	"smart_sign"	"0"	2023-11-25 21:05	
"4784762"	"OVO Bikes Glasgow"	"Glasgow"	"Missing"	"0"	"84660"	"143"	"143"	"Missed bikes"	"move after 3 months missing into stolen 1.2.21 #JS"	"0"	"0"	"0"	""	""	"unknown"	"0"	2023-11-25 20:48	
"266168"	"OVO Bikes Glasgow"	"Glasgow"	"Gallery of Modern Art - ELECTRIC"	"1"	"8430"	"0"	"2"	"E-bike station"	"54457,54406,54472,54386 26.06.23 21:16:10:  26.06.23 21:16:10: Rack Problem 04.07.23 8:52:36:  04.07.23 8:52:36: Rack Problem"	"10"	"6"	"1"	"13,92"	"0,00"	"smart_sign"	"1"	2023-11-25 19:59	
"19738176"	"OVO Bikes Glasgow"	"Glasgow"	"Riverside Museum"	"1"	"8416"	"5"	"5"	"Standard place"	""	"10"	"6"	"1"	""	""	"smart_sign"	"0"	2023-11-25 19:52	
"6269603"	"OVO Bikes Glasgow"	"Glasgow"	"Springfield Quay 2"	"1"	"8462"	"6"	"6"	"Standard place"	" 15.10.23 0:13:11:  15.10.23 0:13:11: Graffiti"	"6"	"6"	"1"	""	""	"smart_sign"	"0"	2023-11-25 19:35	
"3812875"	"OVO Bikes Glasgow"	"Glasgow"	"Speirs Wharf - ELECTRIC"	"1"	"8459"	"0"	"2"	"E-bike station"	"54641,54593,54586,54547"	"6"	"7"	"1"	"9,43"	"0,00"	"smart_sign"	"0"	2023-11-25 18:28	
"319999034"	"OVO Bikes Glasgow"	"Glasgow"	"BIKE 829170"	"0"	""	"1"	"1"	"Individual bike"	""	"0"	"0"	"1"	""	""	""	"0"	2023-11-25 18:22	
"114446999"	"OVO Bikes Glasgow"	"Glasgow"	"Fullarton"	"1"	"8234"	"13"	"13"	"E-bike station"	" 15.11.23 1:31:16:  15.11.23 1:31:16: Terminal Offline 15.11.23 1:36:41:  15.11.23 1:36:41: Terminal Offline 17.11.23 22:37:16:  17.11.23 22:37:16: Terminal Offline 24.11.23 1:45:06:  24.11.23 1:45:06: Terminal Offline"	"6"	"4"	"1"	"12,21"	"0,00"	"smart_sign"	"0"	2023-11-25 18:05	
"3812713"	"OVO Bikes Glasgow"	"Glasgow"	"Shawlands Railway Station - ELECTRIC"	"1"	"8455"	"9"	"9"	"E-bike station"	"54352,54458,54521 22.10.23 6:08:27:  22.10.23 6:08:27: Rack Problem 30.10.23 5:30:53:  30.10.23 5:30:53: Rack Problem 07.11.23 15:41:21:  07.11.23 15:41:21: Terminal Offline"	"8"	"8"	"1"	"13,92"	"0,00"	"smart_sign"	"0"	2023-11-25 17:55	
"19548002"	"OVO Bikes Glasgow"	"Glasgow"	"Shakespeare Street (Maryhill) - ELECTRIC"	"1"	"8427"	"0"	"2"	"E-bike station"	"54339,54525,54450,54424  "	"12"	"4"	"1"	"12,44"	"0,00"	"smart_sign"	"0"	2023-11-25 17:37	
"266157"	"OVO Bikes Glasgow"	"Glasgow"	"Glasgow Caledonian University - ELECTRIC"	"1"	"8405"	"0"	"1"	"E-bike station"	"54531,54606,54489,54529 20.06.23 16:52:44:  20.06.23 16:52:44: Rack Problem 06.08.23 4:16:37:  06.08.23 4:16:37: Rack Problem"	"6"	"6"	"1"	"13,72"	"0,00"	"smart_sign"	"1"	2023-11-25 17:27	
"105742309"	"OVO Bikes Glasgow"	"Glasgow"	"Hampden Park and Ride"	"1"	"8316"	"1"	"1"	"E-bike station"	"05.09.23 20:36:38:   05.09.23 20:36:38: Rack Problem"	"6"	"4"	"1"	""	""	"smart_sign"	"0"	2023-11-25 17:19	
"319960386"	"OVO Bikes Glasgow"	"Glasgow"	"BIKE 47253"	"0"	""	"1"	"1"	"Individual bike"	""	"0"	"0"	"1"	""	""	""	"0"	2023-11-25 16:43	
"6269638"	"OVO Bikes Glasgow"	"Glasgow"	"Port Dundas"	"1"	"8469"	"1"	"1"	"Standard place"	""	"12"	"8"	"1"	""	""	"smart_sign"	"0"	2023-11-25 16:23	
"42613824"	"OVO Bikes Glasgow"	"Glasgow"	"Maryhill Library"	"1"	"8213"	"3"	"4"	"Standard place"	" 30.08.23 16:43:17:  30.08.23 16:43:17: Rack Problem 02.09.23 11:44:45:  02.09.23 11:44:45: Terminal Offline 21.09.23 12:14:23:  21.09.23 12:14:23: Terminal Offline"	"12"	"8"	"1"	""	""	"smart_sign"	"0"	2023-11-25 16:14	
"55600156"	"OVO Bikes Glasgow"	"Glasgow"	"Burrell Collection"	"1"	"8202"	"7"	"7"	"Standard place"	"54605,54414,53649,54495,53637,54589,53655,53628 22.06.23 23:02:23:  22.06.23 23:02:23: Rack Problem 18.07.23 15:12:35:  18.07.23 15:12:35: Rack Problem"	"6"	"6"	"1"	""	""	"smart_sign"	"0"	2023-11-25 15:20	
"262741426"	"OVO Bikes Glasgow"	"Glasgow"	"Pollokshaws West Railway Station"	"1"	"8481"	"4"	"4"	"Standard place"	""	"6"	"10"	"1"	""	""	"smart_sign"	"0"	2023-11-25 15:04	
"266166"	"OVO Bikes Glasgow"	"Glasgow"	"Emirates Arena"	"1"	"8428"	"4"	"4"	"Standard place"	""	"10"	"12"	"1"	""	""	"smart_sign"	"0"	2023-11-25 14:48	
"31234437"	"OVO Bikes Glasgow"	"Glasgow"	"St Rollox"	"1"	"8236"	"2"	"3"	"Standard place"	" 25.07.23 17:49:05:  25.07.23 17:49:05: Vandalism 17.08.23 15:05:18:  17.08.23 15:05:18: Rack Problem 20.08.23 17:27:10:  20.08.23 17:27:10: Terminal Offline 28.08.23 16:44:25:  28.08.23 16:44:25: Terminal Offline 04.09.23 17:46:40:  04.09.23 17:46:40: Terminal Offline"	"12"	"8"	"1"	""	""	"smart_sign"	"0"	2023-11-25 13:43	
"319863044"	"OVO Bikes Glasgow"	"Glasgow"	"BIKE 829135"	"0"	""	"1"	"1"	"Individual bike"	""	"0"	"0"	"1"	""	""	""	"0"	2023-11-25 12:33	
"319819935"	"OVO Bikes Glasgow"	"Glasgow"	"BIKE 22410"	"0"	""	"1"	"1"	"Individual bike"	""	"0"	"0"	"1"	""	""	""	"0"	2023-11-25 10:31	
"55599921"	"OVO Bikes Glasgow"	"Glasgow"	"Tollcross International Swimming Centre"	"1"	"8200"	"1"	"1"	"Standard place"	""	"6"	"6"	"1"	""	""	"smart_sign"	"0"	2023-11-25 10:17	
"31475534"	"OVO Bikes Glasgow"	"Glasgow"	"Springburn Railway Station"	"1"	"8237"	"0"	"0"	"E-bike station"	"53647,53673,54473,54184 01.05.23 21:01:40:  01.05.23 21:01:40: Rack Problem 09.06.23 1:00:38:  09.06.23 1:00:38: Rack Problem 03.09.23 11:18:03:  03.09.23 11:18:03: Rack Problem 11.09.23 21:28:21:  11.09.23 21:28:21: Rack Problem 02.10.23 16:07:35:  02.10.23 16:07:35: Vandalism 17.10.23 15:13:35:  17.10.23 15:13:35: Rack Problem"	"8"	"8"	"1"	"13,72"	"0,00"	"smart_sign"	"1"	2023-11-25 10:16	
"319772336"	"OVO Bikes Glasgow"	"Glasgow"	"Winto Dr"	"0"	""	"0"	"1"	"Individual bike"	""	"0"	"0"	"0"	""	""	"unknown"	"0"	2023-11-25 08:19	
"264283"	"OVO Bikes Glasgow"	"Glasgow"	"Waterloo Street - ELECTRIC"	"1"	"8402"	"0"	"1"	"E-bike station"	"54429,54568,54421,54442 04.07.23 3:03:02:  04.07.23 3:03:02: Terminal Offline 19.07.23 23:40:38:  19.07.23 23:40:38: Rack Problem"	"12"	"4"	"1"	"13,88"	"0,00"	"smart_sign"	"1"	2023-11-25 07:03	
"319653568"	"OVO Bikes Glasgow"	"Glasgow"	"BIKE 47441"	"0"	""	"1"	"1"	"Individual bike"	""	"0"	"0"	"1"	""	""	""	"0"	2023-11-25 01:55	
"319651453"	"OVO Bikes Glasgow"	"Glasgow"	"BIKE 829121"	"0"	""	"1"	"1"	"Individual bike"	""	"0"	"0"	"1"	""	""	""	"0"	2023-11-25 01:48	
"42446574"	"OVO Bikes Glasgow"	"Glasgow"	"Corkerhill Railway Station"	"1"	"8208"	"7"	"7"	"Standard place"	""	"8"	"10"	"1"	""	""	"smart_sign"	"0"	2023-11-24 21:29	
"213996907"	"OVO Bikes Glasgow"	"Glasgow"	"London Road Central"	"1"	"8474"	"0"	"0"	"Standard place"	""	"6"	"10"	"1"	""	""	"smart_sign"	"0"	2023-11-24 21:07	
"40386924"	"OVO Bikes Glasgow"	"Glasgow"	"Transporter GM18"	"0"	"842020"	"0"	"0"	"Service car"	""	"0"	"0"	"0"	""	""	"none"	"0"	2023-11-24 20:44	
"319522746"	"OVO Bikes Glasgow"	"Glasgow"	"BIKE 22218"	"0"	""	"0"	"1"	"Individual bike"	""	"0"	"0"	"1"	""	""	""	"0"	2023-11-24 19:40	
"262743571"	"OVO Bikes Glasgow"	"Glasgow"	"Blythswood Square"	"1"	"8484"	"0"	"0"	"Standard place"	""	"6"	"10"	"1"	""	""	"smart_sign"	"0"	2023-11-24 19:22	
"262742542"	"OVO Bikes Glasgow"	"Glasgow"	"Shields Road Subway"	"1"	"8482"	"4"	"4"	"Standard place"	""	"6"	"10"	"1"	""	""	"smart_sign"	"0"	2023-11-24 18:25	
"115737132"	"OVO Bikes Glasgow"	"Glasgow"	"Maryland Drive"	"1"	"8209"	"6"	"6"	"Standard place"	""	"8"	"10"	"1"	""	""	"smart_sign"	"0"	2023-11-24 18:24	
"42487653"	"OVO Bikes Glasgow"	"Glasgow"	"Pollokshields East Railway"	"1"	"8210"	"0"	"0"	"Standard place"	" 08.08.23 11:29:56:  08.08.23 11:29:56: Rack Problem"	"6"	"10"	"1"	""	""	"smart_sign"	"0"	2023-11-24 17:51	
"150125231"	"OVO Bikes Glasgow"	"Glasgow"	"Parkhead"	"1"	"8470"	"2"	"2"	"Standard place"	""	"6"	"0"	"1"	""	""	"smart_sign"	"0"	2023-11-24 17:10	
"4680456"	"OVO Bikes Glasgow"	"Glasgow"	"Transporter GK68"	"0"	"84640"	"0"	"6"	"Service car"	""	"0"	"0"	"0"	""	""	"unknown"	"0"	2023-11-24 16:29	
"4632646"	"OVO Bikes Glasgow"	"Glasgow"	"Workshop - ready bikes"	"0"	"84630"	"24"	"27"	"nextbike storage"	""	"0"	"0"	"0"	""	""	"unknown"	"0"	2023-11-24 16:16	
"74891768"	"OVO Bikes Glasgow"	"Glasgow"	"Incoming SB - Medium Repair "	"1"	"84603"	"0"	"33"	"Standard place"	""	"0"	"0"	"0"	""	""	"unknown"	"0"	2023-11-24 15:57	
"318473539"	"OVO Bikes Glasgow"	"Glasgow"	"BIKE 22480"	"0"	""	"1"	"1"	"Individual bike"	""	"0"	"0"	"1"	""	""	""	"0"	2023-11-24 15:14	
"74891906"	"OVO Bikes Glasgow"	"Glasgow"	"Incoming SB - Long Repair "	"1"	"84604"	"1"	"32"	"nextbike storage"	""	"0"	"0"	"0"	""	""	"none"	"0"	2023-11-24 12:21	
"4680463"	"OVO Bikes Glasgow"	"Glasgow"	"Scrapped off bikes"	"0"	"84650"	"1"	"107"	"Scrapped bikes"	"Scrapped due to vandalism. If due to wear&tear move bike to warranty scrap.     2018-2022 - 80                              ---------------------------------  Bikes to replace = 42 - n ( SCRAPPED bikes = 32 on 1/2/20     what about > 90 days  stolen bikes)   to date 42 replacements RECEIVED 18 bikes from EDI RBS 2018.  24 bikes from West Midlands_2019  ----------------------------------------  47418  47361  47250  47078  4 bikes moved here from waiting for spares #Gio 27.1.20   "	"0"	"0"	"0"	""	""	"unknown"	"0"	2023-11-24 08:50	
"319085946"	"OVO Bikes Glasgow"	"Glasgow"	"205 St Enoch Sq, Glasgow G1 4BW"	"0"	""	"1"	"1"	"Individual bike"	""	"0"	"0"	"1"	""	""	"unknown"	"0"	2023-11-24 00:02	
"318138670"	"OVO Bikes Glasgow"	"Glasgow"	"BIKE 829263"	"0"	""	"0"	"1"	"Individual bike"	""	"0"	"0"	"1"	""	""	""	"0"	2023-11-23 18:48	
"318916998"	"OVO Bikes Glasgow"	"Glasgow"	"BIKE 829177"	"0"	""	"1"	"1"	"Individual bike"	""	"0"	"0"	"1"	""	""	""	"0"	2023-11-23 16:51	
"317417687"	"OVO Bikes Glasgow"	"Glasgow"	"BIKE 828131"	"0"	""	"1"	"1"	"Individual bike"	""	"0"	"0"	"1"	""	""	""	"0"	2023-11-23 15:20	
"318815643"	"OVO Bikes Glasgow"	"Glasgow"	"BIKE 46817"	"0"	""	"1"	"1"	"Individual bike"	""	"0"	"0"	"1"	""	""	""	"0"	2023-11-23 13:19	
"74892727"	"OVO Bikes Glasgow"	"Glasgow"	"Waiting for Spares - SB"	"0"	"84611"	"0"	"103"	"nextbike storage"	""	"0"	"0"	"0"	""	""	"unknown"	"0"	2023-11-23 11:37	
"4680489"	"OVO Bikes Glasgow"	"Glasgow"	"Stolen bikes "	"0"	"84670"	"0"	"96"	"Stolen bikes"	"missing > 90 days go here.    When replacement bikes are added to fleet, stolen bikes are moved in to archive:  Langzeitvermisst - Long term missing Glasgow    Total stolen bikes archived to date: 206    Log of bikes moved to Replaced long term missing:  17.8.21 PW/JS - 49 bikes  5.11.21 PW - 80 bikes  7.12.21 PW - 1 bike  29.12.22 JS - 228 to LZM  16.3.22 PW - 76 bikes    Bikes move to "2018-2022 Long Term Missing" 29.12.22  228            ---------------------------------------  Replaced Smart Bikes 42 GROSS  Scrapped off inactive bikes 5  42-5= 37 replaced bikes NET for invoice : 18 on  2.5.2018 (EDI RBS 3 speed FVM2)   24 on  10.9.2019  (W Midlands, 8 speed)   27.1.20  #CW "	"0"	"0"	"0"	""	""	"none"	"0"	2023-11-23 11:11	
"262744830"	"OVO Bikes Glasgow"	"Glasgow"	"Glasgow Kelvin College East"	"1"	"8489"	"5"	"5"	"Standard place"	""	"6"	"10"	"1"	""	""	"smart_sign"	"0"	2023-11-23 06:44	
"318534861"	"OVO Bikes Glasgow"	"Glasgow"	"BIKE 47619"	"0"	""	"1"	"1"	"Individual bike"	""	"0"	"0"	"1"	""	""	""	"0"	2023-11-23 00:13	
"318395424"	"OVO Bikes Glasgow"	"Glasgow"	"BIKE 829187"	"0"	""	"0"	"1"	"Individual bike"	""	"0"	"0"	"1"	""	""	""	"0"	2023-11-22 17:54	
"318318634"	"OVO Bikes Glasgow"	"Glasgow"	"BIKE 829161"	"0"	""	"1"	"1"	"Individual bike"	""	"0"	"0"	"1"	""	""	""	"0"	2023-11-22 15:14	
"317942314"	"OVO Bikes Glasgow"	"Glasgow"	"BIKE 47227"	"0"	""	"1"	"1"	"Individual bike"	""	"0"	"0"	"1"	""	""	""	"0"	2023-11-21 22:55	
"1792085"	"OVO Bikes Glasgow"	"Glasgow"	"Co Bikes Workshop SWALLOW UNITS"	"1"	"8249"	"1"	"171"	"nextbike storage"	""	"0"	"0"	"0"	""	""	"stele"	"0"	2023-11-21 14:35	
"317673223"	"OVO Bikes Glasgow"	"Glasgow"	"BIKE 47599"	"0"	""	"1"	"1"	"Individual bike"	""	"0"	"0"	"1"	""	""	""	"0"	2023-11-21 12:53	
"317469077"	"OVO Bikes Glasgow"	"Glasgow"	"BIKE 21054"	"0"	""	"1"	"1"	"Individual bike"	""	"0"	"0"	"1"	""	""	""	"0"	2023-11-21 04:48	
"3812470"	"OVO Bikes Glasgow"	"Glasgow"	"Citizens Theatre"	"0"	""	"0"	"0"	"Individual bike"	"Station now closed due to building work in area. 17.05.2019"	"6"	"8"	"0"	""	""	"smart_sign"	"0"	2023-11-17 17:59	
"74937402"	"OVO Bikes Glasgow"	"Glasgow"	"Incoming E-Bike - Long Repair "	"0"	"84607"	"1"	"1"	"nextbike storage"	""	"0"	"0"	"0"	""	""	"unknown"	"0"	2023-11-17 09:07	
"315196514"	"OVO Bikes Glasgow"	"Glasgow"	"BIKE 46730"	"0"	""	"0"	"1"	"Individual bike"	""	"0"	"0"	"1"	""	""	""	"0"	2023-11-17 01:57	
"74892657"	"OVO Bikes Glasgow"	"Glasgow"	"Waiting for Spares - E-Bike "	"0"	"84610"	"0"	"13"	"nextbike storage"	""	"0"	"0"	"0"	""	""	"unknown"	"0"	2023-11-15 17:30	
"310158303"	"OVO Bikes Glasgow"	"Glasgow"	"BIKE 829084"	"0"	""	"0"	"1"	"Individual bike"	""	"0"	"0"	"1"	""	""	""	"0"	2023-11-14 21:12	
"309749783"	"OVO Bikes Glasgow"	"Glasgow"	"BIKE 81100"	"0"	""	"0"	"1"	"Individual bike"	""	"0"	"0"	"1"	""	""	""	"0"	2023-11-14 16:48	
"105742063"	"OVO Bikes Glasgow"	"Glasgow"	"Stobhill Hospital"	"1"	"8313"	"0"	"0"	"E-bike station"	""	"6"	"4"	"1"	"12,21"	"0,00"	"smart_sign"	"1"	2023-11-14 14:59	
"303889465"	"OVO Bikes Glasgow"	"Glasgow"	"BIKE 829175"	"0"	""	"0"	"1"	"Individual bike"	""	"0"	"0"	"1"	""	""	""	"0"	2023-11-10 05:20	
"28777901"	"OVO Bikes Glasgow"	"Glasgow"	"Workshop Accident Bikes"	"1"	"84619"	"0"	"1"	"nextbike storage"	""	"0"	"0"	"0"	""	""	"unknown"	"0"	2023-11-08 12:48	
"74892144"	"OVO Bikes Glasgow"	"Glasgow"	"Incoming E-Bike - Quick Repair"	"0"	"84605"	"0"	"1"	"nextbike storage"	""	"0"	"0"	"0"	""	""	"unknown"	"0"	2023-11-03 16:07	
"288360312"	"OVO Bikes Glasgow"	"Glasgow"	"BIKE 46627"	"0"	""	"0"	"1"	"Individual bike"	""	"0"	"0"	"1"	""	""	""	"0"	2023-11-02 21:21	
"262743248"	"OVO Bikes Glasgow"	"Glasgow"	"Clyde Place Quay"	"0"	"8483"	"0"	"0"	"Standard place"	""	"6"	"10"	"0"	""	""	"smart_sign"	"0"	2023-11-01 13:31	
"74892252"	"OVO Bikes Glasgow"	"Glasgow"	"Incoming E-Bike - Medium Repair"	"0"	"84606"	"0"	"0"	"nextbike storage"	""	"0"	"0"	"0"	""	""	"unknown"	"0"	2023-11-01 11:46	
"53725131"	"OVO Bikes Glasgow"	"Glasgow"	"Warranty Scrap"	"0"	"83125"	"1"	"12"	"nextbike storage"	"Total 2018-2022: 19     2023  ebikes:   1.0:  2.0:"	"0"	"0"	"0"	""	""	"unknown"	"0"	2023-10-31 11:38	
"159950095"	"OVO Bikes Glasgow"	"Glasgow"	"BIKE 47188"	"0"	""	"0"	"1"	"Individual bike"	""	"0"	"0"	"1"	""	""	""	"0"	2023-10-25 08:10	
"19548786"	"OVO Bikes Glasgow"	"Glasgow"	"Maxwell Park"	"0"	"8437"	"0"	"0"	"Standard place"	"Station not yet Installed DO NOT DELETE  Summer 2019 expansion  *Wpan needs to be installed"	"12"	"8"	"0"	""	""	"smart_sign"	"0"	2023-10-18 10:34	
"257627364"	"OVO Bikes Glasgow"	"Glasgow"	"BIKE 827058"	"0"	""	"0"	"1"	"Individual bike"	""	"0"	"0"	"1"	""	""	""	"0"	2023-08-31 20:40	
"12396259"	"OVO Bikes Glasgow"	"Glasgow"	"New bikes Feb 2022"	"0"	"88791"	"0"	"0"	"nextbike storage"	""	"0"	"0"	"0"	""	""	"unknown"	"0"	2023-04-19 13:41	
"43525583"	"OVO Bikes Glasgow"	"Glasgow"	"Spare station"	"0"	"8429"	"0"	"0"	"E-bike station"	"JFS 13.07.22 Station closed. Please refund customer fines until 30.07.22. Due to partner dispute we can't put up signs or remove the station currently. local service team will try and catch any service fees. "	"0"	"5"	"0"	""	""	"smart_sign"	"0"	2022-10-05 08:59	
"42614148"	"OVO Bikes Glasgow"	"Glasgow"	"Pollok Roundabout (Temporarily Shut)"	"1"	"8207"	"0"	"0"	"Standard place"	"Temporarily shut 24/6/22 Matt Chapman"	"12"	"8"	"0"	""	""	"smart_sign"	"0"	2022-10-02 16:14	
"12396344"	"OVO Bikes Glasgow"	"Glasgow"	"New ebikes 2022"	"0"	"88795"	"0"	"0"	"nextbike storage"	"Storage (Waiting for parts)"	"0"	"0"	"0"	""	""	"unknown"	"0"	2022-07-05 11:45	
"47205578"	"OVO Bikes Glasgow"	"Glasgow"	"BIKE 47009"	"0"	""	"0"	"0"	"Standard place"	""	"0"	"0"	"0"	""	""	"unknown"	"0"	2021-08-08 09:44	
